table_neighborhood.id,table_neighborhood.mCode,table_neighborhood.mCity,table_neighborhood.mName,table_neighborhood.is_active,table_neighborhood.created_on,table_neighborhood.created_by,table_neighborhood.modified_on,table_neighborhood.modified_by
1,32,16,Centro,True,2015-06-03 02:08:53,<NULL>,2015-06-03 02:08:53,<NULL>
2,31,16,Largo do Machado,True,2015-06-03 02:08:53,<NULL>,2015-06-03 02:08:53,<NULL>
3,30,16,Campo Grande,True,2015-06-03 02:08:53,<NULL>,2015-06-03 02:08:53,<NULL>
4,29,16,Cachambi,True,2015-06-03 02:08:53,<NULL>,2015-06-03 02:08:53,<NULL>
5,28,16,Barra da Tijuca,True,2015-06-03 02:08:53,<NULL>,2015-06-03 02:08:53,<NULL>
6,27,16,Andaraí,True,2015-06-03 02:08:53,<NULL>,2015-06-03 02:08:53,<NULL>
7,33,16,Botafogo,True,2015-06-03 02:08:53,<NULL>,2015-06-03 02:08:53,<NULL>
8,34,16,Catete,True,2015-06-03 02:08:53,<NULL>,2015-06-03 02:08:53,<NULL>
9,35,16,Copacabana,True,2015-06-03 02:08:53,<NULL>,2015-06-03 02:08:53,<NULL>
10,36,16,Flamengo,True,2015-06-03 02:08:53,<NULL>,2015-06-03 02:08:53,<NULL>
11,37,16,Jacarepaguá,True,2015-06-03 02:08:53,<NULL>,2015-06-03 02:08:53,<NULL>
12,38,16,Gávea,True,2015-06-03 02:08:53,<NULL>,2015-06-03 02:08:53,<NULL>
13,39,16,Humaitá,True,2015-06-03 02:08:53,<NULL>,2015-06-03 02:08:53,<NULL>
14,40,16,Jardim Guanabara - Ilha do Governador,True,2015-06-03 02:08:53,<NULL>,2015-06-03 02:08:53,<NULL>
15,41,16,Del Castilho,True,2015-06-03 02:08:53,<NULL>,2015-06-03 02:08:53,<NULL>
16,42,16,Ipanema,True,2015-06-03 02:08:53,<NULL>,2015-06-03 02:08:53,<NULL>
17,44,16,Jardim Botânico,True,2015-06-03 02:08:53,<NULL>,2015-06-03 02:08:53,<NULL>
18,204,19,Santo Antônio,True,2015-06-03 02:08:53,<NULL>,2015-06-03 02:08:53,<NULL>
19,46,16,Lagoa,True,2015-06-03 02:08:53,<NULL>,2015-06-03 02:08:53,<NULL>
20,47,16,Laranjeiras,True,2015-06-03 02:08:53,<NULL>,2015-06-03 02:08:53,<NULL>
21,48,16,Leme,True,2015-06-03 02:08:53,<NULL>,2015-06-03 02:08:53,<NULL>
22,49,16,Leblon,True,2015-06-03 02:08:53,<NULL>,2015-06-03 02:08:53,<NULL>
23,50,16,Madureira,True,2015-06-03 02:08:53,<NULL>,2015-06-03 02:08:53,<NULL>
24,51,16,Maracanã,True,2015-06-03 02:08:53,<NULL>,2015-06-03 02:08:53,<NULL>
25,52,16,Méier,True,2015-06-03 02:08:53,<NULL>,2015-06-03 02:08:53,<NULL>
26,53,16,Pilares,True,2015-06-03 02:08:53,<NULL>,2015-06-03 02:08:53,<NULL>
27,54,16,Praça da Bandeira,True,2015-06-03 02:08:53,<NULL>,2015-06-03 02:08:53,<NULL>
28,55,16,Realengo,True,2015-06-03 02:08:53,<NULL>,2015-06-03 02:08:53,<NULL>
29,56,16,Recreio dos Bandeirantes,True,2015-06-03 02:08:53,<NULL>,2015-06-03 02:08:53,<NULL>
30,57,16,Rio Comprido,True,2015-06-03 02:08:53,<NULL>,2015-06-03 02:08:53,<NULL>
31,58,16,Santa Teresa,True,2015-06-03 02:08:53,<NULL>,2015-06-03 02:08:53,<NULL>
32,59,16,São Conrado,True,2015-06-03 02:08:53,<NULL>,2015-06-03 02:08:53,<NULL>
33,60,16,Sepetiba,True,2015-06-03 02:08:53,<NULL>,2015-06-03 02:08:53,<NULL>
34,61,16,Tijuca,True,2015-06-03 02:08:53,<NULL>,2015-06-03 02:08:53,<NULL>
35,62,16,Vila da Penha,True,2015-06-03 02:08:53,<NULL>,2015-06-03 02:08:53,<NULL>
36,63,16,Vila Isabel ,True,2015-06-03 02:08:53,<NULL>,2015-06-03 02:08:53,<NULL>
37,64,16,Vila Valqueire,True,2015-06-03 02:08:53,<NULL>,2015-06-03 02:08:53,<NULL>
38,115,18,Itaim Bibi,True,2015-06-03 02:08:53,<NULL>,2015-06-03 02:08:53,<NULL>
39,114,18,Jardim São Paulo,True,2015-06-03 02:08:53,<NULL>,2015-06-03 02:08:53,<NULL>
40,113,18,Indianópolis,True,2015-06-03 02:08:53,<NULL>,2015-06-03 02:08:53,<NULL>
41,112,18,Liberdade,True,2015-06-03 02:08:53,<NULL>,2015-06-03 02:08:53,<NULL>
42,111,18,Jardim Paulista,True,2015-06-03 02:08:53,<NULL>,2015-06-03 02:08:53,<NULL>
43,110,18,Higienópolis,True,2015-06-03 02:08:53,<NULL>,2015-06-03 02:08:53,<NULL>
44,73,19,Anchieta,True,2015-06-03 02:08:53,<NULL>,2015-06-03 02:08:53,<NULL>
45,75,19,Barro Preto,True,2015-06-03 02:08:53,<NULL>,2015-06-03 02:08:53,<NULL>
46,109,18,Cerqueira César,True,2015-06-03 02:08:53,<NULL>,2015-06-03 02:08:53,<NULL>
47,108,18,Vila Ester,True,2015-06-03 02:08:53,<NULL>,2015-06-03 02:08:53,<NULL>
48,107,18,Vila Andrade ,True,2015-06-03 02:08:53,<NULL>,2015-06-03 02:08:53,<NULL>
49,205,59,Centro,True,2015-06-03 02:08:53,<NULL>,2015-06-03 02:08:53,<NULL>
50,106,18,Vila Olímpia,True,2015-06-03 02:08:53,<NULL>,2015-06-03 02:08:53,<NULL>
51,105,18,Chácara Santo Antônio,True,2015-06-03 02:08:53,<NULL>,2015-06-03 02:08:53,<NULL>
52,104,37,Centro,True,2015-06-03 02:08:53,<NULL>,2015-06-03 02:08:53,<NULL>
53,103,18,Pinheiros,True,2015-06-03 02:08:53,<NULL>,2015-06-03 02:08:53,<NULL>
54,102,24,Jardim São Caetano,True,2015-06-03 02:08:53,<NULL>,2015-06-03 02:08:53,<NULL>
55,202,57,Centro,True,2015-06-03 02:08:53,<NULL>,2015-06-03 02:08:53,<NULL>
56,100,35,Alto Cajueiros,True,2015-06-03 02:08:53,<NULL>,2015-06-03 02:08:53,<NULL>
57,203,58,Lidice,True,2015-06-03 02:08:53,<NULL>,2015-06-03 02:08:53,<NULL>
58,92,25,Parque Industrial,True,2015-06-03 02:08:53,<NULL>,2015-06-03 02:08:53,<NULL>
59,97,34,Centro,True,2015-06-03 02:08:53,<NULL>,2015-06-03 02:08:53,<NULL>
60,96,29,Venda Velha,True,2015-06-03 02:08:53,<NULL>,2015-06-03 02:08:53,<NULL>
61,116,18,Sumarezinho,True,2015-06-03 02:08:53,<NULL>,2015-06-03 02:08:53,<NULL>
62,117,18,Perdizes,True,2015-06-03 02:08:53,<NULL>,2015-06-03 02:08:53,<NULL>
63,118,18,Vila Mariana,True,2015-06-03 02:08:53,<NULL>,2015-06-03 02:08:53,<NULL>
64,119,18,Jardim Paulistano,True,2015-06-03 02:08:53,<NULL>,2015-06-03 02:08:53,<NULL>
65,120,18,Brooklim Paulista,True,2015-06-03 02:08:53,<NULL>,2015-06-03 02:08:53,<NULL>
66,121,24,Santo Antônio,True,2015-06-03 02:08:53,<NULL>,2015-06-03 02:08:53,<NULL>
67,122,27,Centro,True,2015-06-03 02:08:53,<NULL>,2015-06-03 02:08:53,<NULL>
68,123,38,Centro,True,2015-06-03 02:08:53,<NULL>,2015-06-03 02:08:53,<NULL>
69,124,26,Centro,True,2015-06-03 02:08:53,<NULL>,2015-06-03 02:08:53,<NULL>
70,125,18,Jardim Leonor,True,2015-06-03 02:08:53,<NULL>,2015-06-03 02:08:53,<NULL>
71,126,18,República,True,2015-06-03 02:08:53,<NULL>,2015-06-03 02:08:53,<NULL>
72,127,43,Vila da Serra,True,2015-06-03 02:08:53,<NULL>,2015-06-03 02:08:53,<NULL>
73,128,42,Jardim Rey,True,2015-06-03 02:08:53,<NULL>,2015-06-03 02:08:53,<NULL>
74,129,37,Boqueirão,True,2015-06-03 02:08:53,<NULL>,2015-06-03 02:08:53,<NULL>
75,130,41,Centro,True,2015-06-03 02:08:53,<NULL>,2015-06-03 02:08:53,<NULL>
76,131,40,Centro,True,2015-06-03 02:08:53,<NULL>,2015-06-03 02:08:53,<NULL>
77,132,39,Vila Virgínia,True,2015-06-03 02:08:53,<NULL>,2015-06-03 02:08:53,<NULL>
78,133,18,Vila Nova Conceição,True,2015-06-03 02:08:53,<NULL>,2015-06-03 02:08:53,<NULL>
79,134,44,Centro,True,2015-06-03 02:08:53,<NULL>,2015-06-03 02:08:53,<NULL>
80,135,45,Enseada,True,2015-06-03 02:08:53,<NULL>,2015-06-03 02:08:53,<NULL>
81,136,18,Bela Vista,True,2015-06-03 02:08:53,<NULL>,2015-06-03 02:08:53,<NULL>
82,137,46,Centro,True,2015-06-03 02:08:53,<NULL>,2015-06-03 02:08:53,<NULL>
83,138,18,Vila Clementino,True,2015-06-03 02:08:53,<NULL>,2015-06-03 02:08:53,<NULL>
84,139,18,Jardim Adhemar de Barros,True,2015-06-03 02:08:53,<NULL>,2015-06-03 02:08:53,<NULL>
85,140,18,Vila Gomes Cardim,True,2015-06-03 02:08:53,<NULL>,2015-06-03 02:08:53,<NULL>
86,144,18,Penha de França,True,2015-06-03 02:08:53,<NULL>,2015-06-03 02:08:53,<NULL>
87,142,18,Santana,True,2015-06-03 02:08:53,<NULL>,2015-06-03 02:08:53,<NULL>
88,143,18,Vila Matilde,True,2015-06-03 02:08:53,<NULL>,2015-06-03 02:08:53,<NULL>
89,145,47,Cambuí,True,2015-06-03 02:08:53,<NULL>,2015-06-03 02:08:53,<NULL>
90,146,48,Centro,True,2015-06-03 02:08:53,<NULL>,2015-06-03 02:08:53,<NULL>
91,147,49,Parque Monte Líbano,True,2015-06-03 02:08:53,<NULL>,2015-06-03 02:08:53,<NULL>
92,148,18,Vila Guilherme,True,2015-06-03 02:08:53,<NULL>,2015-06-03 02:08:53,<NULL>
93,149,18,Vila Pompéia,True,2015-06-03 02:08:53,<NULL>,2015-06-03 02:08:53,<NULL>
94,150,50,Centro,True,2015-06-03 02:08:53,<NULL>,2015-06-03 02:08:53,<NULL>
95,151,18,Cidade Monções,True,2015-06-03 02:08:53,<NULL>,2015-06-03 02:08:53,<NULL>
96,152,37,Ponta da Praia,True,2015-06-03 02:08:53,<NULL>,2015-06-03 02:08:53,<NULL>
97,153,18,Santa Cecília,True,2015-06-03 02:08:53,<NULL>,2015-06-03 02:08:53,<NULL>
98,154,18,Vila Leopoldina,True,2015-06-03 02:08:53,<NULL>,2015-06-03 02:08:53,<NULL>
99,155,18,Aclimação,True,2015-06-03 02:08:53,<NULL>,2015-06-03 02:08:53,<NULL>
100,156,18,Morumbi,True,2015-06-03 02:08:53,<NULL>,2015-06-03 02:08:53,<NULL>
101,157,51,Jardim São Carlos,True,2015-06-03 02:08:53,<NULL>,2015-06-03 02:08:53,<NULL>
102,158,18,Moóca,True,2015-06-03 02:08:53,<NULL>,2015-06-03 02:08:53,<NULL>
103,159,18,Vila Hamburguesa,True,2015-06-03 02:08:53,<NULL>,2015-06-03 02:08:53,<NULL>
104,160,22,Praia do Canto,True,2015-06-03 02:08:53,<NULL>,2015-06-03 02:08:53,<NULL>
105,161,22,Vitória,True,2015-06-03 02:08:53,<NULL>,2015-06-03 02:08:53,<NULL>
106,162,22,Jardim Camburí,True,2015-06-03 02:08:53,<NULL>,2015-06-03 02:08:53,<NULL>
107,163,22,Jardim da Penha,True,2015-06-03 02:08:53,<NULL>,2015-06-03 02:08:53,<NULL>
108,164,22,Mata da Praia,True,2015-06-03 02:08:53,<NULL>,2015-06-03 02:08:53,<NULL>
109,165,22,Enseada do Suá,True,2015-06-03 02:08:53,<NULL>,2015-06-03 02:08:53,<NULL>
110,166,22,Santa Lúcia,True,2015-06-03 02:08:53,<NULL>,2015-06-03 02:08:53,<NULL>
111,167,22,República,True,2015-06-03 02:08:53,<NULL>,2015-06-03 02:08:53,<NULL>
112,170,18,Jardim Umuarama,True,2015-06-03 02:08:53,<NULL>,2015-06-03 02:08:53,<NULL>
113,171,18,Jurubatuba,True,2015-06-03 02:08:53,<NULL>,2015-06-03 02:08:53,<NULL>
114,172,18,Canindé,True,2015-06-03 02:08:53,<NULL>,2015-06-03 02:08:53,<NULL>
115,173,18,Bosque da Saúde,True,2015-06-03 02:08:53,<NULL>,2015-06-03 02:08:53,<NULL>
116,174,18,Tatuapé,True,2015-06-03 02:08:53,<NULL>,2015-06-03 02:08:53,<NULL>
117,175,18,Jardim Colonial,True,2015-06-03 02:08:53,<NULL>,2015-06-03 02:08:53,<NULL>
118,176,18,Vila Monte Alegre,True,2015-06-03 02:08:53,<NULL>,2015-06-03 02:08:53,<NULL>
119,177,18,Vila Prudente,True,2015-06-03 02:08:53,<NULL>,2015-06-03 02:08:53,<NULL>
120,178,18,Vila Almeida,True,2015-06-03 02:08:53,<NULL>,2015-06-03 02:08:53,<NULL>
121,179,18,Vila Regente Feijó,True,2015-06-03 02:08:53,<NULL>,2015-06-03 02:08:53,<NULL>
122,180,18,Santo Amaro,True,2015-06-03 02:08:53,<NULL>,2015-06-03 02:08:53,<NULL>
123,181,18,Alto da Lapa,True,2015-06-03 02:08:53,<NULL>,2015-06-03 02:08:53,<NULL>
124,182,18,Água Branca,True,2015-06-03 02:08:53,<NULL>,2015-06-03 02:08:53,<NULL>
125,183,18,Vila Uberabinha,True,2015-06-03 02:08:53,<NULL>,2015-06-03 02:08:53,<NULL>
126,184,44,Aeroporto,True,2015-06-03 02:08:53,<NULL>,2015-06-03 02:08:53,<NULL>
127,185,47,Parque das Flores,True,2015-06-03 02:08:53,<NULL>,2015-06-03 02:08:53,<NULL>
128,186,54,Tamboré,True,2015-06-03 02:08:53,<NULL>,2015-06-03 02:08:53,<NULL>
129,187,26,Vila Yara,True,2015-06-03 02:08:53,<NULL>,2015-06-03 02:08:53,<NULL>
130,188,47,Jardim Santa Genebra,True,2015-06-03 02:08:53,<NULL>,2015-06-03 02:08:53,<NULL>
131,189,55,Jardim,True,2015-06-03 02:08:53,<NULL>,2015-06-03 02:08:53,<NULL>
132,190,37,Gonzaga,True,2015-06-03 02:08:53,<NULL>,2015-06-03 02:08:53,<NULL>
133,191,19,Lourdes,True,2015-06-03 02:08:53,<NULL>,2015-06-03 02:08:53,<NULL>
134,192,19,Cidade,True,2015-06-03 02:08:53,<NULL>,2015-06-03 02:08:53,<NULL>
135,193,56,São Mateus,True,2015-06-03 02:08:53,<NULL>,2015-06-03 02:08:53,<NULL>
136,194,19,Belo Horizonte,True,2015-06-03 02:08:53,<NULL>,2015-06-03 02:08:53,<NULL>
137,195,19,Serra,True,2015-06-03 02:08:53,<NULL>,2015-06-03 02:08:53,<NULL>
138,196,19,Funcionários,True,2015-06-03 02:08:53,<NULL>,2015-06-03 02:08:53,<NULL>
139,197,19,Santa Lúcia,True,2015-06-03 02:08:53,<NULL>,2015-06-03 02:08:53,<NULL>
140,198,19,Vale do Sereno,True,2015-06-03 02:08:53,<NULL>,2015-06-03 02:08:53,<NULL>
141,199,19,Santa Amélia,True,2015-06-03 02:08:53,<NULL>,2015-06-03 02:08:53,<NULL>
142,200,19,Sion,True,2015-06-03 02:08:53,<NULL>,2015-06-03 02:08:53,<NULL>
143,201,19,Floresta,True,2015-06-03 02:08:53,<NULL>,2015-06-03 02:08:53,<NULL>
144,206,60,Jd Teresópolis,True,2015-06-03 02:08:53,<NULL>,2015-06-03 02:08:53,<NULL>
145,207,60,Brasileia,True,2015-06-03 02:08:53,<NULL>,2015-06-03 02:08:53,<NULL>
146,208,18,Cambuci,True,2015-06-03 02:08:53,<NULL>,2015-06-03 02:08:53,<NULL>
147,209,18,Brooklin Novo,True,2015-06-03 02:08:53,<NULL>,2015-06-03 02:08:53,<NULL>
148,210,18,Ipiranga,True,2015-06-03 02:08:53,<NULL>,2015-06-03 02:08:53,<NULL>
149,211,61,Fabricas,True,2015-06-03 02:08:53,<NULL>,2015-06-03 02:08:53,<NULL>
150,212,18,Saúde,True,2015-06-03 02:08:53,<NULL>,2015-06-03 02:08:53,<NULL>
151,213,19,São Bento,True,2015-06-03 02:08:53,<NULL>,2015-06-03 02:08:53,<NULL>
152,214,62,Centro,True,2015-06-03 02:08:53,<NULL>,2015-06-03 02:08:53,<NULL>
153,215,19,Buritis,True,2015-06-03 02:08:53,<NULL>,2015-06-03 02:08:53,<NULL>
154,216,19,Castelo,True,2015-06-03 02:08:53,<NULL>,2015-06-03 02:08:53,<NULL>
155,217,19,Cruzeiro,True,2015-06-03 02:08:53,<NULL>,2015-06-03 02:08:53,<NULL>
156,218,19,Nossa Senhora da Glória,True,2015-06-03 02:08:53,<NULL>,2015-06-03 02:08:53,<NULL>
157,219,19,Gutierrez,True,2015-06-03 02:08:53,<NULL>,2015-06-03 02:08:53,<NULL>
158,220,18,Jardim Joana Darc,True,2015-06-03 02:08:53,<NULL>,2015-06-03 02:08:53,<NULL>
159,221,19,Carmo,True,2015-06-03 02:08:53,<NULL>,2015-06-03 02:08:53,<NULL>
160,222,19,Centro,True,2015-06-03 02:08:53,<NULL>,2015-06-03 02:08:53,<NULL>
161,223,19,São José,True,2015-06-03 02:08:53,<NULL>,2015-06-03 02:08:53,<NULL>
162,224,56,Centro,True,2015-06-03 02:08:53,<NULL>,2015-06-03 02:08:53,<NULL>
163,225,63,Fátima,True,2015-06-03 02:08:53,<NULL>,2015-06-03 02:08:53,<NULL>
164,226,19,Santo Agostinho,True,2015-06-03 02:08:53,<NULL>,2015-06-03 02:08:53,<NULL>
165,227,18,Vila Campanela,True,2015-06-03 02:08:53,<NULL>,2015-06-03 02:08:53,<NULL>
166,228,18,City América,True,2015-06-03 02:08:53,<NULL>,2015-06-03 02:08:53,<NULL>
167,229,18,Jardim Europa,True,2015-06-03 02:08:53,<NULL>,2015-06-03 02:08:53,<NULL>
168,230,18,Vila Congonhas,True,2015-06-03 02:08:53,<NULL>,2015-06-03 02:08:53,<NULL>
169,231,18,Vila Maria Baixa,True,2015-06-03 02:08:53,<NULL>,2015-06-03 02:08:53,<NULL>
170,232,18,Jardim Peri Peri ,True,2015-06-03 02:08:53,<NULL>,2015-06-03 02:08:53,<NULL>
171,233,18,Cidade São Francisco,True,2015-06-03 02:08:53,<NULL>,2015-06-03 02:08:53,<NULL>
172,234,64,Iguaçú,True,2015-06-03 02:08:53,<NULL>,2015-06-03 02:08:53,<NULL>
173,235,65,Sao Vicente,True,2015-06-03 02:08:53,<NULL>,2015-06-03 02:08:53,<NULL>
174,236,58,Village Altamira,True,2015-06-03 02:08:53,<NULL>,2015-06-03 02:08:53,<NULL>
175,237,60,Angola,True,2015-06-03 02:08:53,<NULL>,2015-06-03 02:08:53,<NULL>
176,238,19,Ouro Preto,True,2015-06-03 02:08:53,<NULL>,2015-06-03 02:08:53,<NULL>
177,239,19,Castanheira II (Vale do Jatoba),True,2015-06-03 02:08:53,<NULL>,2015-06-03 02:08:53,<NULL>
178,240,60,Vl Recreio,True,2015-06-03 02:08:53,<NULL>,2015-06-03 02:08:53,<NULL>
179,241,66,Ibituruna,True,2015-06-03 02:08:53,<NULL>,2015-06-03 02:08:53,<NULL>
180,242,19,Carlos Prates,True,2015-06-03 02:08:53,<NULL>,2015-06-03 02:08:53,<NULL>
181,243,67,Centro,True,2015-06-03 02:08:53,<NULL>,2015-06-03 02:08:53,<NULL>
182,244,68,Centro,True,2015-06-03 02:08:53,<NULL>,2015-06-03 02:08:53,<NULL>
183,246,68,Canasvieiras,True,2015-06-03 02:08:53,<NULL>,2015-06-03 02:08:53,<NULL>
184,247,68,Córrego Grande ,True,2015-06-03 02:08:53,<NULL>,2015-06-03 02:08:53,<NULL>
185,248,68,Itacorubi,True,2015-06-03 02:08:53,<NULL>,2015-06-03 02:08:53,<NULL>
186,249,68,Jurerê Internacional,True,2015-06-03 02:08:53,<NULL>,2015-06-03 02:08:53,<NULL>
187,250,68,Lagoa da Conceição,True,2015-06-03 02:08:53,<NULL>,2015-06-03 02:08:53,<NULL>
188,251,68,Coqueiros ,True,2015-06-03 02:08:53,<NULL>,2015-06-03 02:08:53,<NULL>
189,252,68,Campeche,True,2015-06-03 02:08:53,<NULL>,2015-06-03 02:08:53,<NULL>
190,253,68,Saco Grande,True,2015-06-03 02:08:53,<NULL>,2015-06-03 02:08:53,<NULL>
191,254,68,Barra da Lagoa,True,2015-06-03 02:08:53,<NULL>,2015-06-03 02:08:53,<NULL>
192,255,68,Abraão ,True,2015-06-03 02:08:53,<NULL>,2015-06-03 02:08:53,<NULL>
193,256,68,Ingleses do Rio Vermelho,True,2015-06-03 02:08:53,<NULL>,2015-06-03 02:08:53,<NULL>
194,257,18,Vila Madalena,True,2015-06-03 02:08:53,<NULL>,2015-06-03 02:08:53,<NULL>
195,258,69,Camboinhas,True,2015-06-03 02:08:53,<NULL>,2015-06-03 02:08:53,<NULL>
196,259,69,Icaraí,True,2015-06-03 02:08:53,<NULL>,2015-06-03 02:08:53,<NULL>
197,260,69,São Francisco,True,2015-06-03 02:08:53,<NULL>,2015-06-03 02:08:53,<NULL>
198,261,69,Centro,True,2015-06-03 02:08:53,<NULL>,2015-06-03 02:08:53,<NULL>
199,272,74,Jardim 25 de Agosto,True,2015-06-03 02:08:53,<NULL>,2015-06-03 02:08:53,<NULL>
200,263,70,Jardim Araxá,True,2015-06-03 02:08:53,<NULL>,2015-06-03 02:08:53,<NULL>
201,264,70,Fragata,True,2015-06-03 02:08:53,<NULL>,2015-06-03 02:08:53,<NULL>
202,266,72,Alto,True,2015-06-03 02:08:53,<NULL>,2015-06-03 02:08:53,<NULL>
203,267,73,Centro,True,2015-06-03 02:08:53,<NULL>,2015-06-03 02:08:53,<NULL>
204,268,34,Valparaíso,True,2015-06-03 02:08:53,<NULL>,2015-06-03 02:08:53,<NULL>
205,271,69,Piratininga,True,2015-06-03 02:08:53,<NULL>,2015-06-03 02:08:53,<NULL>
206,273,74,Parque Duque,True,2015-06-03 02:08:53,<NULL>,2015-06-03 02:08:53,<NULL>
207,275,74,Santa Cruz da Serra,True,2015-06-03 02:08:53,<NULL>,2015-06-03 02:08:53,<NULL>
208,276,75,Centro,True,2015-06-03 02:08:53,<NULL>,2015-06-03 02:08:53,<NULL>
209,399,110,Ibes,True,2015-06-03 02:08:53,<NULL>,2015-06-03 02:08:53,<NULL>
210,278,35,Cavaleiros,True,2015-06-03 02:08:53,<NULL>,2015-06-03 02:08:53,<NULL>
211,279,76,Maria Luz,True,2015-06-03 02:08:53,<NULL>,2015-06-03 02:08:53,<NULL>
212,280,74,Parque A Equitativa,True,2015-06-03 02:08:53,<NULL>,2015-06-03 02:08:53,<NULL>
213,281,72,Várzea,True,2015-06-03 02:08:53,<NULL>,2015-06-03 02:08:53,<NULL>
214,283,78,Centro,True,2015-06-03 02:08:53,<NULL>,2015-06-03 02:08:53,<NULL>
215,284,79,Centro,True,2015-06-03 02:08:53,<NULL>,2015-06-03 02:08:53,<NULL>
216,285,80,Centro,True,2015-06-03 02:08:53,<NULL>,2015-06-03 02:08:53,<NULL>
217,286,62,Nova Petrópolis,True,2015-06-03 02:08:53,<NULL>,2015-06-03 02:08:53,<NULL>
218,287,18,Jardim da Saúde,True,2015-06-03 02:08:53,<NULL>,2015-06-03 02:08:53,<NULL>
219,288,81,Berlim,True,2015-06-03 02:08:53,<NULL>,2015-06-03 02:08:53,<NULL>
220,289,82,Alemães,True,2015-06-03 02:08:53,<NULL>,2015-06-03 02:08:53,<NULL>
221,290,83,Parque Campolim,True,2015-06-03 02:08:53,<NULL>,2015-06-03 02:08:53,<NULL>
222,291,50,Vila Nova Cidade Universitária,True,2015-06-03 02:08:53,<NULL>,2015-06-03 02:08:53,<NULL>
223,292,18,Centro,True,2015-06-03 02:08:53,<NULL>,2015-06-03 02:08:53,<NULL>
224,293,18,Vila Cordeiro,True,2015-06-03 02:08:53,<NULL>,2015-06-03 02:08:53,<NULL>
225,294,18,Vila Aricanduva,True,2015-06-03 02:08:53,<NULL>,2015-06-03 02:08:53,<NULL>
226,295,18,Consolação,True,2015-06-03 02:08:53,<NULL>,2015-06-03 02:08:53,<NULL>
227,296,18,Jardim São Luis,True,2015-06-03 02:08:53,<NULL>,2015-06-03 02:08:53,<NULL>
228,297,84,Joquey,True,2015-06-03 02:08:53,<NULL>,2015-06-03 02:08:53,<NULL>
229,298,86,Jardim Monte Alegre,True,2015-06-03 02:08:53,<NULL>,2015-06-03 02:08:53,<NULL>
230,299,87,Vila Paulista,True,2015-06-03 02:08:53,<NULL>,2015-06-03 02:08:53,<NULL>
231,300,62,Jardim do Mar,True,2015-06-03 02:08:53,<NULL>,2015-06-03 02:08:53,<NULL>
232,301,88,Vila Santana,True,2015-06-03 02:08:53,<NULL>,2015-06-03 02:08:53,<NULL>
233,302,54,Alphaville Industrial,True,2015-06-03 02:08:53,<NULL>,2015-06-03 02:08:53,<NULL>
234,303,89,Granja Viana,True,2015-06-03 02:08:53,<NULL>,2015-06-03 02:08:53,<NULL>
235,304,82,Vila Areão,True,2015-06-03 02:08:53,<NULL>,2015-06-03 02:08:53,<NULL>
236,305,90,Parque Faber Castell I,True,2015-06-03 02:08:53,<NULL>,2015-06-03 02:08:53,<NULL>
237,306,47,Vila Brandina,True,2015-06-03 02:08:53,<NULL>,2015-06-03 02:08:53,<NULL>
238,307,55,Paraíso,True,2015-06-03 02:08:53,<NULL>,2015-06-03 02:08:53,<NULL>
239,308,91,Jardim Redentor,True,2015-06-03 02:08:53,<NULL>,2015-06-03 02:08:53,<NULL>
240,309,92,Ribeirânia,True,2015-06-03 02:08:53,<NULL>,2015-06-03 02:08:53,<NULL>
241,310,93,Centro,True,2015-06-03 02:08:53,<NULL>,2015-06-03 02:08:53,<NULL>
242,311,94,São Miguel,True,2015-06-03 02:08:53,<NULL>,2015-06-03 02:08:53,<NULL>
243,312,18,Butantã,True,2015-06-03 02:08:53,<NULL>,2015-06-03 02:08:53,<NULL>
244,313,18,Água Fria,True,2015-06-03 02:08:53,<NULL>,2015-06-03 02:08:53,<NULL>
245,315,92,Jardim Sumaré,True,2015-06-03 02:08:53,<NULL>,2015-06-03 02:08:53,<NULL>
246,316,96,Jardim São Francisco,True,2015-06-03 02:08:53,<NULL>,2015-06-03 02:08:53,<NULL>
247,317,18,Moema,True,2015-06-03 02:08:53,<NULL>,2015-06-03 02:08:53,<NULL>
248,318,18,Vila Progredior,True,2015-06-03 02:08:53,<NULL>,2015-06-03 02:08:53,<NULL>
249,319,18,Vila Gertrudes,True,2015-06-03 02:08:53,<NULL>,2015-06-03 02:08:53,<NULL>
250,320,18,Cidade Mãe do Céu,True,2015-06-03 02:08:53,<NULL>,2015-06-03 02:08:53,<NULL>
251,321,45,Riviera de São Lourenço,True,2015-06-03 02:08:53,<NULL>,2015-06-03 02:08:53,<NULL>
252,322,18,Imirim,True,2015-06-03 02:08:53,<NULL>,2015-06-03 02:08:53,<NULL>
253,323,18,Planalto Paulista,True,2015-06-03 02:08:53,<NULL>,2015-06-03 02:08:53,<NULL>
254,324,97,Centro,True,2015-06-03 02:08:53,<NULL>,2015-06-03 02:08:53,<NULL>
255,325,18,Parque Colonial,True,2015-06-03 02:08:53,<NULL>,2015-06-03 02:08:53,<NULL>
256,326,18,Paraíso,True,2015-06-03 02:08:53,<NULL>,2015-06-03 02:08:53,<NULL>
257,327,47,Jardim Guanabara,True,2015-06-03 02:08:53,<NULL>,2015-06-03 02:08:53,<NULL>
258,328,62,Rudge Ramos,True,2015-06-03 02:08:53,<NULL>,2015-06-03 02:08:53,<NULL>
259,329,18,Sumaré,True,2015-06-03 02:08:53,<NULL>,2015-06-03 02:08:53,<NULL>
260,331,98,Balneário Cidade Atlântica,True,2015-06-03 02:08:53,<NULL>,2015-06-03 02:08:53,<NULL>
261,332,98,Barra Funda,True,2015-06-03 02:08:53,<NULL>,2015-06-03 02:08:53,<NULL>
262,333,18,Vila Suzana,True,2015-06-03 02:08:53,<NULL>,2015-06-03 02:08:53,<NULL>
263,334,18,Alto de Pinheiros,True,2015-06-03 02:08:53,<NULL>,2015-06-03 02:08:53,<NULL>
264,335,47,Barão Geraldo,True,2015-06-03 02:08:53,<NULL>,2015-06-03 02:08:53,<NULL>
265,336,18,Limão,True,2015-06-03 02:08:53,<NULL>,2015-06-03 02:08:53,<NULL>
266,337,47,Vila Sônia,True,2015-06-03 02:08:53,<NULL>,2015-06-03 02:08:53,<NULL>
267,338,18,Vila Buarque,True,2015-06-03 02:08:53,<NULL>,2015-06-03 02:08:53,<NULL>
268,339,99,Itaguaçú,True,2015-06-03 02:08:53,<NULL>,2015-06-03 02:08:53,<NULL>
269,340,47,Taquaral,True,2015-06-03 02:08:53,<NULL>,2015-06-03 02:08:53,<NULL>
270,341,18,Vila Paulicéia,True,2015-06-03 02:08:53,<NULL>,2015-06-03 02:08:53,<NULL>
271,342,92,Jardim Palma Travassos,True,2015-06-03 02:08:53,<NULL>,2015-06-03 02:08:53,<NULL>
272,343,100,Centro,True,2015-06-03 02:08:53,<NULL>,2015-06-03 02:08:53,<NULL>
273,344,18,Sé,True,2015-06-03 02:08:53,<NULL>,2015-06-03 02:08:53,<NULL>
274,345,24,Santa Paula,True,2015-06-03 02:08:53,<NULL>,2015-06-03 02:08:53,<NULL>
275,346,101,Alphaville,True,2015-06-03 02:08:53,<NULL>,2015-06-03 02:08:53,<NULL>
276,347,18,Parque das Flores,True,2015-06-03 02:08:53,<NULL>,2015-06-03 02:08:53,<NULL>
277,348,102,Santo Antônio,True,2015-06-03 02:08:53,<NULL>,2015-06-03 02:08:53,<NULL>
278,349,18,Mirandópolis,True,2015-06-03 02:08:53,<NULL>,2015-06-03 02:08:53,<NULL>
279,350,103,Boqueirão,True,2015-06-03 02:08:53,<NULL>,2015-06-03 02:08:53,<NULL>
280,351,104,Jardim Esplanada II,True,2015-06-03 02:08:53,<NULL>,2015-06-03 02:08:53,<NULL>
281,352,18,Instituto de Previdência,True,2015-06-03 02:08:53,<NULL>,2015-06-03 02:08:53,<NULL>
282,353,18,Jardim das Acácias,True,2015-06-03 02:08:53,<NULL>,2015-06-03 02:08:53,<NULL>
283,354,18,Jardim Anália Franco,True,2015-06-03 02:08:53,<NULL>,2015-06-03 02:08:53,<NULL>
284,355,47,Centro,True,2015-06-03 02:08:53,<NULL>,2015-06-03 02:08:53,<NULL>
285,356,18,Campo Belo,True,2015-06-03 02:08:53,<NULL>,2015-06-03 02:08:53,<NULL>
286,357,18,Vila Socorro,True,2015-06-03 02:08:53,<NULL>,2015-06-03 02:08:53,<NULL>
287,358,25,Chácara São João,True,2015-06-03 02:08:53,<NULL>,2015-06-03 02:08:53,<NULL>
288,360,44,Vila Augusta,True,2015-06-03 02:08:53,<NULL>,2015-06-03 02:08:53,<NULL>
289,361,105,Centro,True,2015-06-03 02:08:53,<NULL>,2015-06-03 02:08:53,<NULL>
290,362,104,Parque Industrial,True,2015-06-03 02:08:53,<NULL>,2015-06-03 02:08:53,<NULL>
291,363,47,Jardim Chapadão,True,2015-06-03 02:08:53,<NULL>,2015-06-03 02:08:53,<NULL>
292,364,99,Saco da Capela,True,2015-06-03 02:08:53,<NULL>,2015-06-03 02:08:53,<NULL>
293,365,18,Vila Paiva,True,2015-06-03 02:08:53,<NULL>,2015-06-03 02:08:53,<NULL>
294,366,18,Jardim Brasil,True,2015-06-03 02:08:53,<NULL>,2015-06-03 02:08:53,<NULL>
295,367,18,Vila Sofia,True,2015-06-03 02:08:53,<NULL>,2015-06-03 02:08:53,<NULL>
296,368,18,Parque Continental,True,2015-06-03 02:08:53,<NULL>,2015-06-03 02:08:53,<NULL>
297,369,18,Vila Formosa,True,2015-06-03 02:08:53,<NULL>,2015-06-03 02:08:53,<NULL>
298,370,18,Vila Mascote,True,2015-06-03 02:08:53,<NULL>,2015-06-03 02:08:53,<NULL>
299,371,18,Jardim Caboré,True,2015-06-03 02:08:53,<NULL>,2015-06-03 02:08:53,<NULL>
300,372,18,Vila Missionária,True,2015-06-03 02:08:53,<NULL>,2015-06-03 02:08:53,<NULL>
301,373,106,Centro,True,2015-06-03 02:08:53,<NULL>,2015-06-03 02:08:53,<NULL>
302,374,103,Canto do Forte,True,2015-06-03 02:08:53,<NULL>,2015-06-03 02:08:53,<NULL>
303,375,107,Morro dos Barbosas,True,2015-06-03 02:08:53,<NULL>,2015-06-03 02:08:53,<NULL>
304,376,18,Bom Retiro,True,2015-06-03 02:08:53,<NULL>,2015-06-03 02:08:53,<NULL>
305,377,18,Casa Verde,True,2015-06-03 02:08:53,<NULL>,2015-06-03 02:08:53,<NULL>
306,378,104,Palmeiras de São José,True,2015-06-03 02:08:53,<NULL>,2015-06-03 02:08:53,<NULL>
307,379,18,Vila Ré,True,2015-06-03 02:08:53,<NULL>,2015-06-03 02:08:53,<NULL>
308,380,90,Centro,True,2015-06-03 02:08:53,<NULL>,2015-06-03 02:08:53,<NULL>
309,381,99,Centro,True,2015-06-03 02:08:53,<NULL>,2015-06-03 02:08:53,<NULL>
310,382,18,Campos Elíseos,True,2015-06-03 02:08:53,<NULL>,2015-06-03 02:08:53,<NULL>
311,383,18,Vila Romana,True,2015-06-03 02:08:53,<NULL>,2015-06-03 02:08:53,<NULL>
312,384,47,Cidade Universitária,True,2015-06-03 02:08:53,<NULL>,2015-06-03 02:08:53,<NULL>
313,385,18,Jardim Londrina,True,2015-06-03 02:08:53,<NULL>,2015-06-03 02:08:53,<NULL>
314,386,98,Centro,True,2015-06-03 02:08:53,<NULL>,2015-06-03 02:08:53,<NULL>
315,387,82,Centro,True,2015-06-03 02:08:53,<NULL>,2015-06-03 02:08:53,<NULL>
316,388,18,Jardim Hebrom,True,2015-06-03 02:08:53,<NULL>,2015-06-03 02:08:53,<NULL>
317,389,92,Alto da Boa Vista,True,2015-06-03 02:08:53,<NULL>,2015-06-03 02:08:53,<NULL>
318,390,92,Jardim América,True,2015-06-03 02:08:53,<NULL>,2015-06-03 02:08:53,<NULL>
319,391,62,Taboão,True,2015-06-03 02:08:53,<NULL>,2015-06-03 02:08:53,<NULL>
320,392,18,Vila Dom Pedro II,True,2015-06-03 02:08:53,<NULL>,2015-06-03 02:08:53,<NULL>
321,393,18,Vila Lajeado,True,2015-06-03 02:08:53,<NULL>,2015-06-03 02:08:53,<NULL>
322,394,108,Capivari,True,2015-06-03 02:08:53,<NULL>,2015-06-03 02:08:53,<NULL>
323,395,109,Centro,True,2015-06-03 02:08:53,<NULL>,2015-06-03 02:08:53,<NULL>
324,396,62,Vila Margarida,True,2015-06-03 02:08:53,<NULL>,2015-06-03 02:08:53,<NULL>
325,397,16,Bangu,True,2015-06-03 02:08:53,<NULL>,2015-06-03 02:08:53,<NULL>
326,398,16,Vista Alegre,True,2015-06-03 02:08:53,<NULL>,2015-06-03 02:08:53,<NULL>
327,400,110,Praia da Costa,True,2015-06-03 02:08:53,<NULL>,2015-06-03 02:08:53,<NULL>
328,401,111,Enseada Jacaraípe,True,2015-06-03 02:08:53,<NULL>,2015-06-03 02:08:53,<NULL>
329,402,110,Itapoã,True,2015-06-03 02:08:53,<NULL>,2015-06-03 02:08:53,<NULL>
330,403,112,Praia do Morro,True,2015-06-03 02:08:53,<NULL>,2015-06-03 02:08:53,<NULL>
331,404,113,Centro,True,2015-06-03 02:08:53,<NULL>,2015-06-03 02:08:53,<NULL>
332,405,16,Santa Cruz,True,2015-06-03 02:08:53,<NULL>,2015-06-03 02:08:53,<NULL>
333,406,114,Cristal,True,2015-06-03 02:08:53,<NULL>,2015-06-03 02:08:53,<NULL>
334,407,114,Moinhos de Vento,True,2015-06-03 02:08:53,<NULL>,2015-06-03 02:08:53,<NULL>
335,408,114,Floresta,True,2015-06-03 02:08:53,<NULL>,2015-06-03 02:08:53,<NULL>
336,409,114,Partenon,True,2015-06-03 02:08:53,<NULL>,2015-06-03 02:08:53,<NULL>
337,410,115,Jardim Krahe,True,2015-06-03 02:08:53,<NULL>,2015-06-03 02:08:53,<NULL>
338,411,114,Praia de Belas,True,2015-06-03 02:08:53,<NULL>,2015-06-03 02:08:53,<NULL>
339,412,114,Boa Vista,True,2015-06-03 02:08:53,<NULL>,2015-06-03 02:08:53,<NULL>
340,413,114,Rio Branco,True,2015-06-03 02:08:53,<NULL>,2015-06-03 02:08:53,<NULL>
341,414,114,Centro,True,2015-06-03 02:08:53,<NULL>,2015-06-03 02:08:53,<NULL>
342,415,114,Belém Velho,True,2015-06-03 02:08:53,<NULL>,2015-06-03 02:08:53,<NULL>
343,416,114,Petrópolis,True,2015-06-03 02:08:53,<NULL>,2015-06-03 02:08:53,<NULL>
344,417,114,Passo d#!#Areia,True,2015-06-03 02:08:53,<NULL>,2015-06-03 02:08:53,<NULL>
345,418,114,Bom Fim,True,2015-06-03 02:08:53,<NULL>,2015-06-03 02:08:53,<NULL>
346,419,116,Centro,True,2015-06-03 02:08:53,<NULL>,2015-06-03 02:08:53,<NULL>
347,420,114,Chácara das Pedras,True,2015-06-03 02:08:53,<NULL>,2015-06-03 02:08:53,<NULL>
348,421,114,Três Figueiras,True,2015-06-03 02:08:53,<NULL>,2015-06-03 02:08:53,<NULL>
349,422,117,Silva,True,2015-06-03 02:08:53,<NULL>,2015-06-03 02:08:53,<NULL>
350,423,114,Vila Assunção,True,2015-06-03 02:08:53,<NULL>,2015-06-03 02:08:53,<NULL>
351,424,114,Ipanema,True,2015-06-03 02:08:53,<NULL>,2015-06-03 02:08:53,<NULL>
352,425,118,Parque da Matriz,True,2015-06-03 02:08:53,<NULL>,2015-06-03 02:08:53,<NULL>
353,426,114,Independência,True,2015-06-03 02:08:53,<NULL>,2015-06-03 02:08:53,<NULL>
354,427,119,Camobi,True,2015-06-03 02:08:53,<NULL>,2015-06-03 02:08:53,<NULL>
355,428,114,Santo Antônio,True,2015-06-03 02:08:53,<NULL>,2015-06-03 02:08:53,<NULL>
356,429,120,Centro,True,2015-06-03 02:08:53,<NULL>,2015-06-03 02:08:53,<NULL>
357,430,114,Centro Histórico,True,2015-06-03 02:08:53,<NULL>,2015-06-03 02:08:53,<NULL>
358,431,114,Coronel Aparício Borges,True,2015-06-03 02:08:53,<NULL>,2015-06-03 02:08:53,<NULL>
359,432,114,São João,True,2015-06-03 02:08:53,<NULL>,2015-06-03 02:08:53,<NULL>
360,433,121,Edson Queiroz,True,2015-06-03 02:08:53,<NULL>,2015-06-03 02:08:53,<NULL>
361,434,121,Meireles,True,2015-06-03 02:08:53,<NULL>,2015-06-03 02:08:53,<NULL>
362,435,121,Varjota,True,2015-06-03 02:08:53,<NULL>,2015-06-03 02:08:53,<NULL>
363,436,121,Aldeota,True,2015-06-03 02:08:53,<NULL>,2015-06-03 02:08:53,<NULL>
364,437,121,Seis Bocas,True,2015-06-03 02:08:53,<NULL>,2015-06-03 02:08:53,<NULL>
365,438,121,Joaquim Távora,True,2015-06-03 02:08:53,<NULL>,2015-06-03 02:08:53,<NULL>
366,439,121,Tauape,True,2015-06-03 02:08:53,<NULL>,2015-06-03 02:08:53,<NULL>
367,440,121,Coco,True,2015-06-03 02:08:53,<NULL>,2015-06-03 02:08:53,<NULL>
368,441,121,Serrinha,True,2015-06-03 02:08:53,<NULL>,2015-06-03 02:08:53,<NULL>
369,442,121,São Gerardo,True,2015-06-03 02:08:53,<NULL>,2015-06-03 02:08:53,<NULL>
370,443,122,Centro,True,2015-06-03 02:08:53,<NULL>,2015-06-03 02:08:53,<NULL>
371,444,123,Coqueiral,True,2015-06-03 02:08:53,<NULL>,2015-06-03 02:08:53,<NULL>
372,445,121,Fatima,True,2015-06-03 02:08:53,<NULL>,2015-06-03 02:08:53,<NULL>
373,446,121,Papicu,True,2015-06-03 02:08:53,<NULL>,2015-06-03 02:08:53,<NULL>
374,447,121,Parque Manibura,True,2015-06-03 02:08:53,<NULL>,2015-06-03 02:08:53,<NULL>
375,448,121,Centro,True,2015-06-03 02:08:53,<NULL>,2015-06-03 02:08:53,<NULL>
376,449,121,Parquelândia,True,2015-06-03 02:08:53,<NULL>,2015-06-03 02:08:53,<NULL>
377,450,121,Cidade dos Funcionários,True,2015-06-03 02:08:53,<NULL>,2015-06-03 02:08:53,<NULL>
378,451,121,Guararapes,True,2015-06-03 02:08:53,<NULL>,2015-06-03 02:08:53,<NULL>
379,452,121,Engenheiro Luciano Cavalcante,True,2015-06-03 02:08:53,<NULL>,2015-06-03 02:08:53,<NULL>
380,453,124,Ponta Verde,True,2015-06-03 02:08:53,<NULL>,2015-06-03 02:08:53,<NULL>
381,454,124,Farol,True,2015-06-03 02:08:53,<NULL>,2015-06-03 02:08:53,<NULL>
382,455,124,Jatiúca,True,2015-06-03 02:08:53,<NULL>,2015-06-03 02:08:53,<NULL>
383,456,124,Tabuleiro do Martins,True,2015-06-03 02:08:53,<NULL>,2015-06-03 02:08:53,<NULL>
384,457,124,Pajuçara,True,2015-06-03 02:08:53,<NULL>,2015-06-03 02:08:53,<NULL>
385,458,124,Poço,True,2015-06-03 02:08:53,<NULL>,2015-06-03 02:08:53,<NULL>
386,459,124,Cruz das Almas,True,2015-06-03 02:08:53,<NULL>,2015-06-03 02:08:53,<NULL>
387,460,125,Adrianópolis,True,2015-06-03 02:08:53,<NULL>,2015-06-03 02:08:53,<NULL>
388,462,125,Flores,True,2015-06-03 02:08:53,<NULL>,2015-06-03 02:08:53,<NULL>
389,463,126,Boca do Rio,True,2015-06-03 02:08:53,<NULL>,2015-06-03 02:08:53,<NULL>
390,464,126,Pituba,True,2015-06-03 02:08:53,<NULL>,2015-06-03 02:08:53,<NULL>
391,465,126,Caminho das Árvores,True,2015-06-03 02:08:53,<NULL>,2015-06-03 02:08:53,<NULL>
392,466,127,Vilas do Atlântico,True,2015-06-03 02:08:53,<NULL>,2015-06-03 02:08:53,<NULL>
393,468,126,Centro,True,2015-06-03 02:08:53,<NULL>,2015-06-03 02:08:53,<NULL>
394,469,126,Barra,True,2015-06-03 02:08:53,<NULL>,2015-06-03 02:08:53,<NULL>
395,470,126,Graça,True,2015-06-03 02:08:53,<NULL>,2015-06-03 02:08:53,<NULL>
396,471,126,Comércio,True,2015-06-03 02:08:53,<NULL>,2015-06-03 02:08:53,<NULL>
397,472,126,Itaigara,True,2015-06-03 02:08:53,<NULL>,2015-06-03 02:08:53,<NULL>
398,473,126,Ondina,True,2015-06-03 02:08:53,<NULL>,2015-06-03 02:08:53,<NULL>
399,474,126,Rio Vermelho,True,2015-06-03 02:08:53,<NULL>,2015-06-03 02:08:53,<NULL>
400,475,126,Paralela,True,2015-06-03 02:08:53,<NULL>,2015-06-03 02:08:53,<NULL>
401,476,126,São Cristóvão,True,2015-06-03 02:08:53,<NULL>,2015-06-03 02:08:53,<NULL>
402,477,128,Centro,True,2015-06-03 02:08:53,<NULL>,2015-06-03 02:08:53,<NULL>
403,478,126,Piatã,True,2015-06-03 02:08:53,<NULL>,2015-06-03 02:08:53,<NULL>
404,479,129,Centro,True,2015-06-03 02:08:53,<NULL>,2015-06-03 02:08:53,<NULL>
405,480,126,Costa Azul,True,2015-06-03 02:08:53,<NULL>,2015-06-03 02:08:53,<NULL>
406,481,126,Stella Maris,True,2015-06-03 02:08:53,<NULL>,2015-06-03 02:08:53,<NULL>
407,482,126,Armação,True,2015-06-03 02:08:53,<NULL>,2015-06-03 02:08:53,<NULL>
408,483,126,Boa Viagem,True,2015-06-03 02:08:53,<NULL>,2015-06-03 02:08:53,<NULL>
409,484,126,Imbuí,True,2015-06-03 02:08:53,<NULL>,2015-06-03 02:08:53,<NULL>
410,485,130,Asa Sul,True,2015-06-03 02:08:53,<NULL>,2015-06-03 02:08:53,<NULL>
411,486,131,Setor Sudoeste,True,2015-06-03 02:08:53,<NULL>,2015-06-03 02:08:53,<NULL>
412,487,130,Centro,True,2015-06-03 02:08:53,<NULL>,2015-06-03 02:08:53,<NULL>
413,488,130,St Comercial Norte,True,2015-06-03 02:08:53,<NULL>,2015-06-03 02:08:53,<NULL>
414,489,130,Águas Claras,True,2015-06-03 02:08:53,<NULL>,2015-06-03 02:08:53,<NULL>
415,490,130,Asa Norte,True,2015-06-03 02:08:53,<NULL>,2015-06-03 02:08:53,<NULL>
416,491,130,Setor Sudoeste,True,2015-06-03 02:08:53,<NULL>,2015-06-03 02:08:53,<NULL>
417,492,130,Lago Sul,True,2015-06-03 02:08:53,<NULL>,2015-06-03 02:08:53,<NULL>
418,493,132,Centro,True,2015-06-03 02:08:53,<NULL>,2015-06-03 02:08:53,<NULL>
419,496,130,Lago Norte,True,2015-06-03 02:08:53,<NULL>,2015-06-03 02:08:53,<NULL>
420,497,130,Taguatinha,True,2015-06-03 02:08:53,<NULL>,2015-06-03 02:08:53,<NULL>
421,498,130,Octogonal,True,2015-06-03 02:08:53,<NULL>,2015-06-03 02:08:53,<NULL>
422,499,136,Sul (Aguas Claras),True,2015-06-03 02:08:53,<NULL>,2015-06-03 02:08:53,<NULL>
423,500,137,Sul (Aguas Claras),True,2015-06-03 02:08:53,<NULL>,2015-06-03 02:08:53,<NULL>
424,501,138,Sul (Aguas Claras),True,2015-06-03 02:08:53,<NULL>,2015-06-03 02:08:53,<NULL>
425,502,139,Setor Marista,True,2015-06-03 02:08:53,<NULL>,2015-06-03 02:08:53,<NULL>
426,503,139,Jardim Europa,True,2015-06-03 02:08:53,<NULL>,2015-06-03 02:08:53,<NULL>
427,504,139,Setor Bueno,True,2015-06-03 02:08:53,<NULL>,2015-06-03 02:08:53,<NULL>
428,505,139,Jardim Goiás,True,2015-06-03 02:08:53,<NULL>,2015-06-03 02:08:53,<NULL>
429,506,139,Faz Caveira,True,2015-06-03 02:08:53,<NULL>,2015-06-03 02:08:53,<NULL>
430,507,139,Residencial Eldorado,True,2015-06-03 02:08:53,<NULL>,2015-06-03 02:08:53,<NULL>
431,508,139,Setor Oeste,True,2015-06-03 02:08:53,<NULL>,2015-06-03 02:08:53,<NULL>
432,509,139,Setor Sul,True,2015-06-03 02:08:53,<NULL>,2015-06-03 02:08:53,<NULL>
433,510,139,Alto da Glória,True,2015-06-03 02:08:53,<NULL>,2015-06-03 02:08:53,<NULL>
434,511,139,Setor Centro Oeste,True,2015-06-03 02:08:53,<NULL>,2015-06-03 02:08:53,<NULL>
435,512,140,Jaracaty,True,2015-06-03 02:08:53,<NULL>,2015-06-03 02:08:53,<NULL>
436,513,140,Jardim Renascença,True,2015-06-03 02:08:53,<NULL>,2015-06-03 02:08:53,<NULL>
437,514,19,Coronel Fabriciano,True,2015-06-03 02:08:53,<NULL>,2015-06-03 02:08:53,<NULL>
438,515,142,Duque de Caxias II,True,2015-06-03 02:08:53,<NULL>,2015-06-03 02:08:53,<NULL>
439,516,143,Vila 7 de Setembro,True,2015-06-03 02:08:53,<NULL>,2015-06-03 02:08:53,<NULL>
440,517,143,Vila Jacy,True,2015-06-03 02:08:53,<NULL>,2015-06-03 02:08:53,<NULL>
441,518,144,Centro,True,2015-06-03 02:08:53,<NULL>,2015-06-03 02:08:53,<NULL>
442,519,143,Vila Abdo,True,2015-06-03 02:08:53,<NULL>,2015-06-03 02:08:53,<NULL>
443,520,145,Jardim Maxwell,True,2015-06-03 02:08:53,<NULL>,2015-06-03 02:08:53,<NULL>
444,521,143,Jardim Estados,True,2015-06-03 02:08:53,<NULL>,2015-06-03 02:08:53,<NULL>
445,522,143,Chácara Cachoeira,True,2015-06-03 02:08:53,<NULL>,2015-06-03 02:08:53,<NULL>
446,523,143,Vila Planalto,True,2015-06-03 02:08:53,<NULL>,2015-06-03 02:08:53,<NULL>
447,524,143,Vila Piratininga,True,2015-06-03 02:08:53,<NULL>,2015-06-03 02:08:53,<NULL>
448,525,143,Centro,True,2015-06-03 02:08:53,<NULL>,2015-06-03 02:08:53,<NULL>
449,526,146,São Brás,True,2015-06-03 02:08:53,<NULL>,2015-06-03 02:08:53,<NULL>
450,537,146,Reduto,True,2015-06-03 02:08:53,<NULL>,2015-06-03 02:08:53,<NULL>
451,528,146,Fátima,True,2015-06-03 02:08:53,<NULL>,2015-06-03 02:08:53,<NULL>
452,529,146,Marco,True,2015-06-03 02:08:53,<NULL>,2015-06-03 02:08:53,<NULL>
453,530,146,Jurunas,True,2015-06-03 02:08:53,<NULL>,2015-06-03 02:08:53,<NULL>
454,531,146,Guamá,True,2015-06-03 02:08:53,<NULL>,2015-06-03 02:08:53,<NULL>
455,532,146,Pedreira,True,2015-06-03 02:08:53,<NULL>,2015-06-03 02:08:53,<NULL>
456,533,146,Peixoto,True,2015-06-03 02:08:53,<NULL>,2015-06-03 02:08:53,<NULL>
457,540,147,Coqueiro,True,2015-06-03 02:08:53,<NULL>,2015-06-03 02:08:53,<NULL>
458,535,146,Nazaré,True,2015-06-03 02:08:53,<NULL>,2015-06-03 02:08:53,<NULL>
459,536,146,Umarizal,True,2015-06-03 02:08:53,<NULL>,2015-06-03 02:08:53,<NULL>
460,538,146,Batista Campos,True,2015-06-03 02:08:53,<NULL>,2015-06-03 02:08:53,<NULL>
461,539,146,Campina,True,2015-06-03 02:08:53,<NULL>,2015-06-03 02:08:53,<NULL>
462,541,148,Santo Antonio,True,2015-06-03 02:08:53,<NULL>,2015-06-03 02:08:53,<NULL>
463,542,149,Praia de Jacumã,True,2015-06-03 02:08:53,<NULL>,2015-06-03 02:08:53,<NULL>
464,543,150,Centro,True,2015-06-03 02:08:53,<NULL>,2015-06-03 02:08:53,<NULL>
465,544,152,Vila Inabi,True,2015-06-03 02:08:53,<NULL>,2015-06-03 02:08:53,<NULL>
466,545,151,Boa Viagem,True,2015-06-03 02:08:53,<NULL>,2015-06-03 02:08:53,<NULL>
467,546,151,Pina,True,2015-06-03 02:08:53,<NULL>,2015-06-03 02:08:53,<NULL>
468,547,153,Centro,True,2015-06-03 02:08:53,<NULL>,2015-06-03 02:08:53,<NULL>
469,548,154,Fátima,True,2015-06-03 02:08:53,<NULL>,2015-06-03 02:08:53,<NULL>
470,549,154,Centro,True,2015-06-03 02:08:53,<NULL>,2015-06-03 02:08:53,<NULL>
471,550,154,Morada do Sol,True,2015-06-03 02:08:53,<NULL>,2015-06-03 02:08:53,<NULL>
472,551,155,São Francisco,True,2015-06-03 02:08:53,<NULL>,2015-06-03 02:08:53,<NULL>
473,552,155,Alto da Rua XV,True,2015-06-03 02:08:53,<NULL>,2015-06-03 02:08:53,<NULL>
474,553,155,Sítio Cercado,True,2015-06-03 02:08:53,<NULL>,2015-06-03 02:08:53,<NULL>
475,554,156,Zona 01,True,2015-06-03 02:08:53,<NULL>,2015-06-03 02:08:53,<NULL>
476,555,155,Centro,True,2015-06-03 02:08:53,<NULL>,2015-06-03 02:08:53,<NULL>
477,556,155,Água Verde,True,2015-06-03 02:08:53,<NULL>,2015-06-03 02:08:53,<NULL>
478,557,155,Cabral,True,2015-06-03 02:08:53,<NULL>,2015-06-03 02:08:53,<NULL>
479,558,155,Prado Velho,True,2015-06-03 02:08:53,<NULL>,2015-06-03 02:08:53,<NULL>
480,559,155,Batel,True,2015-06-03 02:08:53,<NULL>,2015-06-03 02:08:53,<NULL>
481,560,155,Rebouças,True,2015-06-03 02:08:53,<NULL>,2015-06-03 02:08:53,<NULL>
482,561,155,Novo Mundo,True,2015-06-03 02:08:53,<NULL>,2015-06-03 02:08:53,<NULL>
483,562,155,Jardim das Américas,True,2015-06-03 02:08:53,<NULL>,2015-06-03 02:08:53,<NULL>
484,563,155,Juvevê,True,2015-06-03 02:08:53,<NULL>,2015-06-03 02:08:53,<NULL>
485,564,157,Zona III,True,2015-06-03 02:08:53,<NULL>,2015-06-03 02:08:53,<NULL>
486,565,158,Centro,True,2015-06-03 02:08:53,<NULL>,2015-06-03 02:08:53,<NULL>
487,566,155,Portão,True,2015-06-03 02:08:53,<NULL>,2015-06-03 02:08:53,<NULL>
488,568,159,Nossa Senhora das Graças,True,2015-06-03 02:08:53,<NULL>,2015-06-03 02:08:53,<NULL>
489,569,160,Treze de Julho,True,2015-06-03 02:08:53,<NULL>,2015-06-03 02:08:53,<NULL>
490,570,161,Alecrim,True,2015-06-03 02:08:53,<NULL>,2015-06-03 02:08:53,<NULL>
491,571,161,Capim Macio,True,2015-06-03 02:08:53,<NULL>,2015-06-03 02:08:53,<NULL>
492,572,161,Lagoa Nova,True,2015-06-03 02:08:53,<NULL>,2015-06-03 02:08:53,<NULL>
493,573,161,Ponta Negra,True,2015-06-03 02:08:53,<NULL>,2015-06-03 02:08:53,<NULL>
494,574,161,Tirol,True,2015-06-03 02:08:53,<NULL>,2015-06-03 02:08:53,<NULL>
495,575,161,Petrópolis,True,2015-06-03 02:08:53,<NULL>,2015-06-03 02:08:53,<NULL>
496,576,161,Nossa Senhora de Nazaré,True,2015-06-03 02:08:53,<NULL>,2015-06-03 02:08:53,<NULL>
497,577,161,Doze Anos,True,2015-06-03 02:08:53,<NULL>,2015-06-03 02:08:53,<NULL>
498,578,162,Centro,True,2015-06-03 02:08:53,<NULL>,2015-06-03 02:08:53,<NULL>
